"","domain","total_hits"
"1","firebase-settings.crashlytics.com",179
"2","firebaselogging-pa.googleapis.com",160
"3","g.doubleclick.net",91
"4","metrics.icloud.com",80
"5","google.com",70
"6","ca.iadsdk.apple.com",55
"7","pagead2.googlesyndication.com",51
"8","googleapis.com",49
"9","graph.facebook.com",48
"10","gstatic.com",48
"11","app-measurement.com",45
"12","googletagmanager.com",45
"13","ingest.sentry.io",45
"14","cdn.cookielaw.org",42
"15","googleads.g.doubleclick.net",42
"16","crashlyticsreports-pa.googleapis.com",39
"17","cdn.branch.io",36
"18","region1.app-measurement.com",32
"19","youtube.com",31
"20","facebook.com",24
"21","tpc.googlesyndication.com",24
"22","googletagservices.com",21
"23","api-adservices.apple.com",20
"24","googleadservices.com",19
"25","growth-pa.googleapis.com",19
"26","xp.apple.com",19
"27","events.mapbox.com",18
"28","accounts.google.com",17
"29","acdn.adnxs.com",17
"30","ad.doubleclick.net",17
"31","ads.vungle.com",17
"32","ade.googlesyndication.com",16
"33","pubads.g.doubleclick.net",15
"34","amazon.de",14
"35","api2.amplitude.com",14
"36","fra-01.braze.eu",14
"37","google.ch",14
"38","self.events.data.microsoft.com",14
"39","google-analytics.com",13
"40","ib.adnxs.com",13
"41","unityads.unity3d.com",13
"42","ae.iads.unity3d.com",12
"43","cdn.iads.unity3d.com",12
"44","cdn2.inner-active.mobi",12
"45","d.applovin.com",12
"46","i-sdk.mediation.unity3d.com",12
"47","instagram.com",12
"48","m.media-amazon.com",12
"49","ms.applovin.com",12
"50","o-sdk.mediation.unity3d.com",12
"51","rt.applovin.com",12
"52","rules.aatkit.com",12
"53","rules2.aatkit.com",12
"54","rules3.aatkit.com",12
"55","sdk-events.inner-active.mobi",12
"56","stats.gc.apple.com",12
"57","tracking.aatkit.com",12
"58","api.kochava.com",11
"59","csi.gstatic.com",11
"60","data.eu.pendo.io",11
"61","dit.whatsapp.net",11
"62","g.whatsapp.net",11
"63","gnar.grammarly.com",11
"64","iad-03.braze.com",11
"65","ib.adnxs-simple.com",11
"66","imasdk.googleapis.com",11
"67","mobile.events.data.microsoft.com",11
"68","ms4.applovin.com",11
"69","pdst.fm",11
"70","prod-mediate-events.applovin.com",11
"71","scontent-zrh1-1.cdninstagram.com",11
"72","sdk.out.usbla.net",11
"73","static.whatsapp.net",11
"74","w.usabilla.com",11
"75","assets.adobedtm.com",10
"76","combine.urbanairship.com",10
"77","d3nn82uaxijpm6.cloudfront.net",10
"78","device-api.urbanairship.com",10
"79","fundingchoicesmessages.google.com",10
"80","region1.google-analytics.com",10
"81","remote-data.urbanairship.com",10
"82","reporting.aatkit.com",10
"83","scontent.xx.fbcdn.net",10
"84","sts.applovin.com",10
"85","web.facebook.com",10
"86","api.leanplum.com",9
"87","api.snapkit.com",9
"88","cdn-f.adsmoloco.com",9
"89","dpm.demdex.net",9
"90","engine.adzerk.net",9
"91","incoming.telemetry.mozilla.org",9
"92","pbs.twimg.com",9
"93","pixel.adsafeprotected.com",9
"94","pps.whatsapp.net",9
"95","res1.applovin.com",9
"96","sc.omtrdc.net",9
"97","static.xx.fbcdn.net",9
"98","storage.googleapis.com",9
"99","t.teads.tv",9
"100","tr.iadsdk.apple.com",9
"101","a.teads.tv",8
"102","amplify.outbrain.com",8
"103","api-sdk.datadome.co",8
"104","bat.bing.com",8
"105","browser-intake-datadoghq.eu",8
"106","control.kochava.com",8
"107","edge-mqtt.facebook.com",8
"108","geolocation.onetrust.com",8
"109","i.instagram.com",8
"110","linkedin.com",8
"111","lookaside.facebook.com",8
"112","sc-static.net",8
"113","srf.ch",8
"114","static.cloudflareinsights.com",8
"115","adservice.google.com",7
"116","api.onesignal.com",7
"117","cdn.jsdelivr.net",7
"118","collect.commander1.com",7
"119","connect.facebook.net",7
"120","ct.pinterest.com",7
"121","dt.adsafeprotected.com",7
"122","fls-na.amazon.com",7
"123","img.applovin.com",7
"124","mmg.whatsapp.net",7
"125","open.spotify.com",7
"126","play.google.com",7
"127","preview.redd.it",7
"128","region1.analytics.google.com",7
"129","s0.2mdn.net",7
"130","static.adsafeprotected.com",7
"131","tr.snapchat.com",7
"132","tr6.snapchat.com",7
"133","unagi.amazon.com",7
"134","ads.stickyadstv.com",6
"135","amazon.com",6
"136","ams.creativecdn.com",6
"137","api16-access-sg.pangle.io",6
"138","bbc.com",6
"139","browser-intake-datadoghq.com",6
"140","c.amazon-adsystem.com",6
"141","cdn-settings.appsflyersdk.com",6
"142","cdn.confiant-integrations.net",6
"143","cdn.scarabresearch.com",6
"144","cdnjs.cloudflare.com",6
"145","cm.teads.tv",6
"146","cmp.lemonde.fr",6
"147","config.inmobi.com",6
"148","data.adobedc.net",6
"149","fast.appcues.com",6
"150","gum.criteo.com",6
"151","id5-sync.com",6
"152","ih.adscale.de",6
"153","images-na.ssl-images-amazon.com",6
"154","inbox.google.com",6
"155","m.stripe.com",6
"156","p.teads.tv",6
"157","pangolin16.isnssdk.com",6
"158","ping.chartbeat.net",6
"159","platform.twitter.com",6
"160","recaptcha.net",6
"161","recommender.scarabresearch.com",6
"162","ricardo.ch",6
"163","s.pinimg.com",6
"164","search.ch",6
"165","sessions.bugsnag.com",6
"166","skadnetworks.fyber.com",6
"167","ssl.google-analytics.com",6
"168","static.scarabresearch.com",6
"169","syndication.twitter.com",6
"170","t.co",6
"171","tags.creativecdn.com",6
"172","unagi-na.amazon.com",6
"173","watson.ch",6
"174","ws.batch.com",6
"175","abs.twimg.com",5
"176","ad.yieldlab.net",5
"177","adx.adform.net",5
"178","analytics.tiktok.com",5
"179","api.adnz.co",5
"180","api.twitter.com",5
"181","books-analytics-events.apple.com",5
"182","cdn-lb.vungle.com",5
"183","cm.creativecdn.com",5
"184","crashlogs.whatsapp.net",5
"185","grid-bidder.criteo.com",5
"186","launches.appsflyer.com",5
"187","lb.eu-1-id5-sync.com",5
"188","m.facebook.com",5
"189","media.licdn.com",5
"190","mobile.adsafeprotected.com",5
"191","perplexity.ai",5
"192","reddit.com",5
"193","rupload.facebook.com",5
"194","s.deepl.com",5
"195","s.youtube.com",5
"196","sentry.io",5
"197","statsigapi.net",5
"198","telemetry.sdk.inmobi.com",5
"199","tracking.komoot.de",5
"200","uct.service.usercentrics.eu",5
"201","whatsapp.com",5
"202","wikihow.com",5
"203","20min.ch",4
"204","aax-eu.amazon-adsystem.com",4
"205","aax.amazon-adsystem.com",4
"206","acs.m.taobao.com",4
"207","ads.yieldmo.com",4
"208","adsensecustomsearchads.com",4
"209","alb.reddit.com",4
"210","analytics.twitter.com",4
"211","api-0-4-2.twitter.com",4
"212","api-0-4-3.twitter.com",4
"213","api-1-0-0.twitter.com",4
"214","api-24-0-0.twitter.com",4
"215","api-26-0-0.twitter.com",4
"216","api-36-0-0.twitter.com",4
"217","api-43-0-0.twitter.com",4
"218","api-stream.twitter.com",4
"219","api.mixpanel.com",4
"220","app-analytics-v2.snapchat.com",4
"221","app.adjust.com",4
"222","app.snapchat.com",4
"223","aws-proxy-gcp.api.snapchat.com",4
"224","aws.api.snapchat.com",4
"225","b-api.facebook.com",4
"226","cdn.doubleverify.com",4
"227","cm.everesttech.net",4
"228","dc-api.twitter.com",4
"229","dsum-sec.casalemedia.com",4
"230","e.reddit.com",4
"231","eu-mobile.events.data.microsoft.com",4
"232","events.bsky.app",4
"233","events.ocdn.eu",4
"234","excess.duolingo.com",4
"235","external-preview.redd.it",4
"236","f-log-mobile-ios.grammarly.io",4
"237","fra1-ib.adnxs-simple.com",4
"238","gcdn.2mdn.net",4
"239","gcp.api.snapchat.com",4
"240","gql-fed.reddit.com",4
"241","gql-realtime.reddit.com",4
"242","i.redd.it",4
"243","logs13.xiti.com",4
"244","mail.google.com",4
"245","mcdp-chidc2.outbrain.com",4
"246","mv.outbrain.com",4
"247","pixel.rubiconproject.com",4
"248","probe.twitter.com",4
"249","redditstatic.com",4
"250","scontent.cdninstagram.com",4
"251","scontent.whatsapp.net",4
"252","secure.adnxs.com",4
"253","securepubads.g.doubleclick.net",4
"254","stocks-analytics-events.apple.com",4
"255","styles.redditmedia.com",4
"256","tps.doubleverify.com",4
"257","track.adform.net",4
"258","us-central1-gcp.api.snapchat.com",4
"259","us-east1-aws.api.snapchat.com",4
"260","us-u.openx.net",4
"261","usc1-gcp-v61.api.snapchat.com",4
"262","usc1-gcp-v62.api.snapchat.com",4
"263","v.whatsapp.net",4
"264","w3-reporting-nel.reddit.com",4
"265","w3-reporting.reddit.com",4
"266","widgets.outbrain.com",4
"267","a1.api.bbc.co.uk",3
"268","adashx4ae.ut.taobao.com",3
"269","ads.linkedin.com",3
"270","ads.mozilla.org",3
"271","aeis.alicdn.com",3
"272","aliexpress.com",3
"273","ap.lijit.com",3
"274","api-0-4-0.twitter.com",3
"275","api-0-4-6.twitter.com",3
"276","api-0-4-8.twitter.com",3
"277","api-2-0-0.twitter.com",3
"278","api-20-0-0.twitter.com",3
"279","api-21-0-0.twitter.com",3
"280","api-23-0-0.twitter.com",3
"281","api-28-0-0.twitter.com",3
"282","api-30-0-0.twitter.com",3
"283","api-32-0-0.twitter.com",3
"284","api-33-0-0.twitter.com",3
"285","api-34-0-0.twitter.com",3
"286","api-37-0-0.twitter.com",3
"287","api-38-0-0.twitter.com",3
"288","api-42-0-0.twitter.com",3
"289","api.segment.io",3
"290","assets.alicdn.com",3
"291","at.teads.tv",3
"292","beacon.shazam.com",3
"293","beacons.ai",3
"294","cdn-a.yieldlove.com",3
"295","cdn.braze.eu",3
"296","cdn.forter.com",3
"297","cdn.mcauto-images-production.sendgrid.net",3
"298","cdn.syndication.twimg.com",3
"299","cdn.teads.tv",3
"300","cdn4.forter.com",3
"301","cdp.cloud.unity3d.com",3
"302","clarity.ms",3
"303","config.claspws.tv",3
"304","config.uca.cloud.unity3d.com",3
"305","creativecdn.com",3
"306","csr.onet.pl",3
"307","dms.licdn.com",3
"308","doubleclick.net",3
"309","eb2.3lift.com",3
"310","facebook.net",3
"311","faq.whatsapp.com",3
"312","fourier.taobao.com",3
"313","g.alicdn.com",3
"314","get.geojs.io",3
"315","h-adashx4ae.ut.taobao.com",3
"316","hb.adscale.de",3
"317","hcaptcha.com",3
"318","hqporner.com",3
"319","htlb.casalemedia.com",3
"320","iad-06.braze.com",3
"321","images.outbrainimg.com",3
"322","img.onesignal.com",3
"323","impression.appsflyer.com",3
"324","js.adscale.de",3
"325","jsdelivr.net",3
"326","l.instagram.com",3
"327","m.hqporner.com",3
"328","match.adsrvr.org",3
"329","pagead2.googleadservices.com",3
"330","prod-ingestion.tracking.v2.yieldlove-ad-serving.net",3
"331","protected-by.clarium.io",3
"332","r.teads.tv",3
"333","radar.cedexis.com",3
"334","rpt.cedexis.com",3
"335","rt.udmserve.net",3
"336","rtb-csync.smartadserver.com",3
"337","s2.adform.net",3
"338","s2s.singular.net",3
"339","s8t.teads.tv",3
"340","sb.scorecardresearch.com",3
"341","scontent-tpe1-1.xx.fbcdn.net",3
"342","sdk-assets.teads.tv",3
"343","ssp-csync.smartadserver.com",3
"344","static.ads-twitter.com",3
"345","static.cdninstagram.com",3
"346","stats.paypal.com",3
"347","sync.teads.tv",3
"348","theverge.com",3
"349","token.rubiconproject.com",3
"350","tt.omtrdc.net",3
"351","tutti.ch",3
"352","twitter.com",3
"353","usersync.gumgum.com",3
"354","v.redd.it",3
"355","weather-analytics-events.apple.com",3
"356","wv.inner-active.mobi",3
"357","x.bidswitch.net",3
"358","x.com",3
"359","zendesk-eu.my.sentry.io",3
"360","acdn.adnxs-simple.com",2
"361","adnz.co",2
"362","ads.creative-serving.com",2
"363","ads.pubmatic.com",2
"364","ae.mmstat.com",2
"365","ams3-ib.adnxs.com",2
"366","api-0-4-4.twitter.com",2
"367","api-0-4-5.twitter.com",2
"368","api-0-4-7.twitter.com",2
"369","api-0-5-0.twitter.com",2
"370","api-40-0-0.twitter.com",2
"371","api-45-0-0.twitter.com",2
"372","api-analytics.prod.birdapp.com",2
"373","api.facebook.com",2
"374","api.iterable.com",2
"375","api.permutive.com",2
"376","api3.siftscience.com",2
"377","apple.com",2
"378","assets.pinterest.com",2
"379","audid-api.taobao.com",2
"380","b-graph.facebook.com",2
"381","b.thumbs.redditmedia.com",2
"382","b1sync.zemanta.com",2
"383","bh.contextweb.com",2
"384","browser.sentry-cdn.com",2
"385","c2.piano.io",2
"386","caps.twitter.com",2
"387","cdn-settings.segment.com",2
"388","cdn.adnxs.com",2
"389","cdn.adsafeprotected.com",2
"390","cdn.id5-sync.com",2
"391","cdn.onesignal.com",2
"392","cdn.pbstck.com",2
"393","cdn.shopify.com",2
"394","cdn.xplosion.de",2
"395","client.protechts.net",2
"396","cloudflareinsights.com",2
"397","cm.adform.net",2
"398","config.aps.amazon-adsystem.com",2
"399","configv2.unityads.unity3d.com",2
"400","developers.facebook.com",2
"401","dms-akam.licdn.com",2
"402","ds-aksb-a.akamaihd.net",2
"403","dyn.emetriq.de",2
"404","e16.whatsapp.net",2
"405","ebayadservices.com",2
"406","europe-west1-gcp.api.snapchat.com",2
"407","eus.rubiconproject.com",2
"408","events.claspws.tv",2
"409","fastlane.rubiconproject.com",2
"410","functions.adnami.io",2
"411","g2.gumgum.com",2
"412","gj.mmstat.com",2
"413","gm.mmstat.com",2
"414","googlesyndication.com",2
"415","h-sdk.online-metrix.net",2
"416","h64.online-metrix.net",2
"417","hbopenbid.pubmatic.com",2
"418","himovies.sx",2
"419","homegate.ch",2
"420","i.connectad.io",2
"421","iad-01.braze.com",2
"422","ice.360yield.com",2
"423","imagesrv.adition.com",2
"424","ingress.linktr.ee",2
"425","intake.pbstck.com",2
"426","iqdigital.demdex.net",2
"427","l.teads.tv",2
"428","linktr.ee",2
"429","lithium.facebook.com",2
"430","log.outbrainimg.com",2
"431","log.pinterest.com",2
"432","m.api.forter.com",2
"433","macro.adnami.io",2
"434","mads.amazon-adsystem.com",2
"435","match.justpremium.com",2
"436","mediation.adnxs.com",2
"437","merchantpool1.linkedin.com",2
"438","mobiletelemetry.ebay.com",2
"439","mybbc-analytics.files.bbci.co.uk",2
"440","nfl.demdex.net",2
"441","notion.so",2
"442","o1069899.ingest.sentry.io",2
"443","ogads-pa.googleapis.com",2
"444","orbidder.otto.de",2
"445","p.nfltags.com",2
"446","p16-sign-sg.tiktokcdn.com",2
"447","p16-sign.tiktokcdn-us.com",2
"448","p19-sign.tiktokcdn-us.com",2
"449","partner.googleadservices.com",2
"450","paypal.com",2
"451","pixel.everesttech.net",2
"452","playboy.com",2
"453","pornhub.com",2
"454","pub.doubleverify.com",2
"455","publish.twitter.com",2
"456","rumcdn.geoedge.be",2
"457","sdk.snapkit.com",2
"458","secureir.ebaystatic.com",2
"459","sharethis.com",2
"460","simage2.pubmatic.com",2
"461","spiegel.de",2
"462","ssl.connextra.com",2
"463","static.criteo.net",2
"464","static.hotjar.com",2
"465","static.licdn.com",2
"466","studio-t.teads.tv",2
"467","sync.1rx.io",2
"468","sync.connectad.io",2
"469","sync.mathtag.com",2
"470","sync.outbrain.com",2
"471","sync.taboola.com",2
"472","t.adcell.com",2
"473","thind.unityads.unity3d.com",2
"474","tlx.3lift.com",2
"475","tr.outbrain.com",2
"476","u.openx.net",2
"477","udm.scorecardresearch.com",2
"478","ups.xplosion.de",2
"479","uss.xplosion.de",2
"480","v16m.tiktokcdn-eu.com",2
"481","view.adjust.com",2
"482","widget-pixels.outbrain.com",2
"483","zc.adswizz.com",2
"484","0.0.0.1",1
"485","1.1.1.1",1
"486","3lift.com",1
"487","9gag.com",1
"488","a.klaviyo.com",1
"489","a.pub.network",1
"490","a.thumbs.redditmedia.com",1
"491","a.twiago.com",1
"492","a4.applovin.com",1
"493","a5156.casalemedia.com",1
"494","aax-eu.amazon.de",1
"495","ad-delivery.net",1
"496","ad.360yield.com",1
"497","ad.ad-srv.net",1
"498","ad.sxp.smartclip.net",1
"499","ad11.adfarm1.adition.com",1
"500","ad4m.at",1
"501","adashx.m.taobao.com",1
"502","adclick.g.doubleclick.net",1
"503","adf0901f1861.cdn4.forter.com",1
"504","adnxs.com",1
"505","adobedtm.com",1
"506","adrta.com",1
"507","ads.betweendigital.com",1
"508","ads.smartstream.tv",1
"509","adsrvr.org",1
"510","akamai.tiqcdn.com",1
"511","alibaba.com",1
"512","alicdn.com",1
"513","amazon-adsystem.com",1
"514","amplitude.com",1
"515","analytics-ios-tcp.rayjump.com",1
"516","analytics.google.com",1
"517","analytics.localytics.com",1
"518","analytics.yahoo.com",1
"519","api-3-0-0.twitter.com",1
"520","api-46-0-0.twitter.com",1
"521","api-iam.intercom.io",1
"522","api.btloader.com",1
"523","api.gameanalytics.com",1
"524","api.piano.io",1
"525","api.pubnative.net",1
"526","api.sprig.com",1
"527","applets.ebxcdn.com",1
"528","appslix.g2afse.com",1
"529","arg.atomex.net",1
"530","arttrk.com",1
"531","as.ad4m.at",1
"532","assets-jpcust.jwpsrv.com",1
"533","assets.a-mo.net",1
"534","assets.applovin.com",1
"535","assets.prod.leanplum.com",1
"536","ats.otto.de",1
"537","attr.appsflyer.com",1
"538","b.cdnst.net",1
"539","b.clarity.ms",1
"540","bcp.crwdcntrl.net",1
"541","bidswitch.net",1
"542","bing.com",1
"543","brwsrfrm.com",1
"544","btloader.com",1
"545","businessclick.ch",1
"546","buy.tinypass.com",1
"547","c.bannerflow.net",1
"548","c.go-mpulse.net",1
"549","c.pub.network",1
"550","c1.adform.net",1
"551","cadmus.script.ac",1
"552","carbonateinvention.com",1
"553","casalemedia.com",1
"554","cdn.amplitude.com",1
"555","cdn.atomex.net",1
"556","cdn.browsiprod.com",1
"557","cdn.connectad.io",1
"558","cdn.hadronid.net",1
"559","cdn.iubenda.com",1
"560","cdn.liftoff-creatives.io",1
"561","cdn.optimizely.com",1
"562","cdn.pdst.fm",1
"563","cdn.piano.io",1
"564","cdn.pubnative.net",1
"565","cdn.quantummetric.com",1
"566","cdn.siftscience.com",1
"567","cdn.taboola.com",1
"568","cdntechone.com",1
"569","ce.lijit.com",1
"570","ced-ns.sascdn.com",1
"571","cf.perf.linkedin.com",1
"572","chat.cdn.whatsapp.net",1
"573","choices.trustarc.com",1
"574","claude.ai",1
"575","clicks.eventbrite.com",1
"576","cloudflare.com",1
"577","cm.adsafety.net",1
"578","cmp.osano.com",1
"579","collect.igodigital.com",1
"580","combine.asnapieu.com",1
"581","comcluster.cxense.com",1
"582","confiant-integrations.global.ssl.fastly.net",1
"583","configure.rayjump.com",1
"584","consent.api.osano.com",1
"585","consent.trustarc.com",1
"586","conversions.appsflyer.com",1
"587","corruptobstacle.com",1
"588","criteo.com",1
"589","crwdcntrl.net",1
"590","cs.iubenda.com",1
"591","cstat.cdn-apple.com",1
"592","csync.loopme.me",1
"593","d.adroll.com",1
"594","d.pub.network",1
"595","data.dianomi.com",1
"596","datatechone.com",1
"597","datatechonert.com",1
"598","de.eporner.com",1
"599","de.pornhub.com",1
"600","device-api.asnapieu.com",1
"601","device.marketingcloudapis.com",1
"602","dianomi.com",1
"603","diffuser-cdn.app-us1.com",1
"604","dk9ps7goqoeef.cloudfront.net",1
"605","dmp.theadex.com",1
"606","dropbox.com",1
"607","dsp.active-agent.com",1
"608","dspcluster.adfarm1.adition.com",1
"609","dynamic-config-api.appsflyer.com",1
"610","dynamic.criteo.com",1
"611","e10.whatsapp.net",1
"612","e11.whatsapp.net",1
"613","e12.whatsapp.net",1
"614","e13.whatsapp.net",1
"615","e3.whatsapp.net",1
"616","e4.whatsapp.net",1
"617","e8.whatsapp.net",1
"618","e9.whatsapp.net",1
"619","edge.eu1.fullstory.com",1
"620","edge.fullstory.com",1
"621","edge.safedk.com",1
"622","embed.reddit.com",1
"623","emoji.redditmedia.com",1
"624","entitlements.jwplayer.com",1
"625","esp.rtbhouse.com",1
"626","euc-ice.360yield.com",1
"627","eventgw.twilio.com",1
"628","events.browsiprod.com",1
"629","exp.notion.so",1
"630","experttrafficcounter.com",1
"631","fandom.com",1
"632","fast.a.klaviyo.com",1
"633","firebaselogging.googleapis.com",1
"634","fra1-ib.adnxs.com",1
"635","freestar-io.videoplayerhub.com",1
"636","fvcm.net",1
"637","fw.adsafeprotected.com",1
"638","g.ign.com",1
"639","gab.com",1
"640","ganalyticshub.net",1
"641","gateway.unityads.unity3d.com",1
"642","github.com",1
"643","google.de",1
"644","gumgum.com",1
"645","gw.geoedge.be",1
"646","gw.mediation.unity3d.com",1
"647","hb.yellowblue.io",1
"648","hbx.media.net",1
"649","hcmanager.swifteq.com",1
"650","hexagon-analytics.com",1
"651","hp.com",1
"652","hqporn.xxx",1
"653","i.clean.gg",1
"654","i.ipromote.com",1
"655","idsync.rlcdn.com",1
"656","ign.com",1
"657","image2.pubmatic.com",1
"658","image6.pubmatic.com",1
"659","images.mediago.io",1
"660","imcdn.pro",1
"661","imdb.com",1
"662","in.treasuredata.com",1
"663","indexww.com",1
"664","indodrioor.com",1
"665","intake-analytics.wikimedia.org",1
"666","inv-nets.admixer.net",1
"667","invstatic101.creativecdn.com",1
"668","ipds.adrta.com",1
"669","jrpkizae.com",1
"670","js-sec.indexww.com",1
"671","lemonde.fr",1
"672","liadm.com",1
"673","lijit.com",1
"674","linkbux.com",1
"675","links.iterable.com",1
"676","loadingscripts.com",1
"677","loadm.exelator.com",1
"678","locusflourishgarlic.com",1
"679","luckyforbet.com",1
"680","mab.chartbeat.com",1
"681","mabping.chartbeat.net",1
"682","mandrillapp.com",1
"683","manifest.localytics.com",1
"684","marketingplatform.google.com",1
"685","match.360yield.com",1
"686","match.sharethrough.com",1
"687","media.admob.com",1
"688","merchant-center-analytics.goog",1
"689","metricreceiver.cellrebel.com",1
"690","microsoft.com",1
"691","mobile.twitter.com",1
"692","mollusk.apis.ign.com",1
"693","mozilla.org",1
"694","mqtt.c10r.facebook.com",1
"695","my.rtmark.net",1
"696","nannyirrationalacquainted.com",1
"697","npttech.com",1
"698","o-iab-notifications.mediation.unity3d.com",1
"699","o.alicdn.com",1
"700","o.iads.unity3d.com",1
"701","odr.mookie1.com",1
"702","offer.alibaba.com",1
"703","omtrdc.net",1
"704","onetag-sys.com",1
"705","openx.net",1
"706","outlook.live.com",1
"707","p.typekit.net",1
"708","pastelspittle.com",1
"709","pippio.com",1
"710","pix.hyj.mobi",1
"711","pixel.mathtag.com",1
"712","pixel.spotify.com",1
"713","pixel.tapad.com",1
"714","pl02.owen.prolitteris.ch",1
"715","pm.w55c.net",1
"716","poawooptugroo.com",1
"717","pool.admedo.com",1
"718","poplardealtcarrying.com",1
"719","prd.jwpltx.com",1
"720","prebid-server-aws.dianomi.com",1
"721","prebid.a-mo.net",1
"722","prebid.cootlogix.com",1
"723","prism.app-us1.com",1
"724","privacy-policy.truste.com",1
"725","pubmatic.com",1
"726","px-intl.ucweb.com",1
"727","quantserve.com",1
"728","quickerapparently.com",1
"729","r.bbci.co.uk",1
"730","r.linksprf.com",1
"731","recordedthereby.com",1
"732","register.appsflyer.com",1
"733","remote-data.asnapieu.com",1
"734","rezync.com",1
"735","rfihub.com",1
"736","rlcdn.com",1
"737","rs.eu1.fullstory.com",1
"738","rtb0.doubleverify.com",1
"739","rubiconproject.com",1
"740","rules.quantcount.com",1
"741","rum.hlx.page",1
"742","s.ad.smaato.net",1
"743","s.adroll.com",1
"744","s.amazon-adsystem.com",1
"745","s.click.aliexpress.com",1
"746","s.go-mpulse.net",1
"747","s.seedtag.com",1
"748","s.yimg.com",1
"749","s1.adform.net",1
"750","s2s.t13.io",1
"751","samsung.com",1
"752","scar.unityads.unity3d.com",1
"753","scontent-fra5-2.cdninstagram.com",1
"754","scribd.com",1
"755","script.hotjar.com",1
"756","scripts.swifteq.com",1
"757","sdk-api-v1.singular.net",1
"758","sdk.fra-02.braze.eu",1
"759","sdk.iad-01.braze.com",1
"760","sdk.streamrail.com",1
"761","secure.cdn.fastclick.net",1
"762","server.prebid.dianomi.com",1
"763","sf16-website-login.neutral.ttwstatic.com",1
"764","sharethrough.com",1
"765","skadsdk.appsflyer.com",1
"766","speedtest.net",1
"767","spiegel.met.vgwort.de",1
"768","srgssr01.wt-eu02.net",1
"769","ssb-euw2.smartadserver.com",1
"770","ssbsync.smartadserver.com",1
"771","ssc-cms.33across.com",1
"772","sslwidget.criteo.com",1
"773","ssum-sec.casalemedia.com",1
"774","static-akam.licdn.com",1
"775","static-forms.klaviyo.com",1
"776","static-tracking.klaviyo.com",1
"777","static.chartbeat.com",1
"778","static.klaviyo.com",1
"779","static.woopra.com",1
"780","striderotund.com",1
"781","supportsentparticle.com",1
"782","survey.survicate.com",1
"783","suspectplainrevulsion.com",1
"784","sync-eu.connectad.io",1
"785","sync.go.sonobi.com",1
"786","sync.inmobi.com",1
"787","sysmeasuring.net",1
"788","t.adx.opera.com",1
"789","t.paypal.com",1
"790","t2.chartboost.com",1
"791","tags.tiqcdn.com",1
"792","teads.tv",1
"793","temu.com",1
"794","thesun.co.uk",1
"795","thingortwo.g2afse.com",1
"796","thrtle.com",1
"797","tiktok.com",1
"798","tpsc-video-eu.doubleverify.com",1
"799","tr-eu.adsmoloco.com",1
"800","trackcmp.net",1
"801","trk.atomex.net",1
"802","trustpilot.com",1
"803","tse1.explicit.bing.net",1
"804","undertone.com",1
"805","unified.adsafeprotected.com",1
"806","us-east4-gcp.api.snapchat.com",1
"807","usermatch.targeting.unrulymedia.com",1
"808","va.tawk.to",1
"809","vast.doubleverify.com",1
"810","vc.hotjar.io",1
"811","vg-aws-cdn-us-east-1a-hb-bid-feedback.mtgglobals.com",1
"812","visitor.omnitagjs.com",1
"813","visualwebsiteoptimizer.com",1
"814","vpaid.doubleverify.com",1
"815","wearychallengeraise.com",1
"816","webview.unityads.unity3d.com",1
"817","woopra.com",1
"818","www3.doubleclick.net",1
"819","xxxbule.com",1
"820","yahoo.com",1
"821","yield-manager.browsiprod.com",1
"822","yieldlove.com",1
"823","yieldmo.com",1
"824","youtube-nocookie.com",1
"825","z-m-static.xx.fbcdn.net",1
